{"cameraMode":{"drawMode":0,"name":"Shaded","section":"Shading Mode"},"sceneLighting":true,"audioPlay":false,"sceneViewState":{"showFog":true,"showMaterialUpdate":false,"showSkybox":true,"showFlares":true,"showImageEffects":true,"showParticleSystems":true},"in2DMode":false,"pivot":{"x":1.8070093393325806,"y":0.6819391250610352,"z":4.198395729064941},"rotation":{"x":0.3955463469028473,"y":-0.23543302714824677,"z":0.10564987361431122,"w":0.881450891494751},"size":3.3437559604644777,"orthographic":false}